酒店名,价格,评分,评价,地址,点评
北京新侨诺富特饭店,¥446起,4.5,不错,距市中心直线1.0公里 · 天安门/王府井,“房间整洁”
麗枫酒店(北京天安门广场前门地铁站店),¥472起,4.8,棒,距市中心直线2.5公里 · 前门/天坛公园/崇文门,“服务贴心”
北京千禧大酒店,¥969起,4.5,不错,距市中心直线3.9公里 · 国贸CBD,“房间整洁”
秋果酒店(北京东直门雍和宫店),¥399起,4.8,棒,距市中心直线4.3公里 · 三里屯/工体/东直门,“床品舒适”
喆啡酒店(北京国贸店),¥362起,4.4分,“性价比很高”,距市中心直线4.5公里 · 国贸CBD,共49条评论
北京益泉花园酒店,¥389起,4.4分,“环境舒适”,小汤山温泉区 · 北京服装学院北校区附近,共1938条评论
北京励骏酒店,¥1035起,4.7,很好,距市中心直线663米 · 天安门/王府井,“房间整洁”
喆啡酒店(北京宋家庄地铁站店),¥293起,4.7,很好,距市中心直线7.4公里 · 劲松/潘家园,“环境舒适”
北京Marina院子,¥419起,4.4分,“环境舒适”,距市中心直线4.8公里 · 三里屯/工体/东直门,共817条评论
7天优品酒店(北京三里屯团结湖地铁站店),¥245起,4.7,很好,距市中心直线5.3公里 · 燕莎/朝阳公园,“房间干净”
北京大兴世界之花希尔顿欢朋酒店,¥489起,4.7,很好,永定门/南站/大红门/南苑 · 近庑殿家苑,“早餐很赞”
喆啡酒店(北京站天坛公园店),¥290起,4.8,棒,距市中心直线2.7公里 · 前门/天坛公园/崇文门,“服务贴心”
北京内蒙古大厦,¥668起,4.7,很好,距市中心直线688米 · 北京站/建国门,“酒店洁净”
北京航旅主题民宿,¥132起,4.6,好,大兴机场 · 近榆垡路,“服务贴心”
喆啡酒店(北京三元桥燕莎国展店),¥360起,4.8,棒,距市中心直线5.4公里 · 国展中心,“客房干净”
北京新世界酒店,¥1044起,4.7,很好,距市中心直线1.4公里 · 前门/天坛公园/崇文门,“早餐丰富”
北京维景国际大酒店,¥588起,4.7,很好,距市中心直线6.2公里 · 国展中心,“服务贴心”
速8酒店(北京朝阳路兴隆店),¥180起,4.5,不错,国贸CBD · 靠近财满街,“性价比高”
华人小院(十渡1号院),¥135起,4.8,棒,房山景区 · 近十度,“环境舒适”
北京东方君悦大酒店,¥1109起,4.6,好,距市中心直线122米 · 天安门/王府井,“房间整洁”
喆啡酒店(北京国贸慈云寺四惠地铁站店),¥298起,4.8,棒,距市中心直线7.0公里 · 国贸CBD,“出行方便”
JEN北京新国贸饭店,¥1166起,4.6,好,距市中心直线4.1公里 · 国贸CBD,“位置优越”
喆啡酒店(北京小红门地铁站店),¥261起,4.9,超棒,距市中心直线9.0公里 · 劲松/潘家园,“客房干净”
秋果酒店(北京国贸劲松地铁站店),¥336起,4.8,棒,距市中心直线4.9公里 · 劲松/潘家园,“服务贴心”
北京希尔顿逸林酒店,¥677起,4.4分,“服务贴心”,距市中心直线6.7公里 · 北京西站/丽泽商务区,共2948条评论
麗枫酒店(北京亦庄地铁站店),¥240起,4.8,棒,亦庄 · 近亦庄桥,“卫生间整洁”
懿庭臻舍酒店(北京天安门广场店),¥288起,4.5,不错,距市中心直线2.2公里 · 前门/天坛公园/崇文门,“位置优越”
锦江之星(北京后海店),¥319起,4.3分,“位置优越”,距市中心直线4.8公里 · 后海/南锣鼓巷,共1551条评论
秋果酒店(北京天安门广场前门店),¥423起,4.9,超棒,距市中心直线2.5公里 · 前门/天坛公园/崇文门,“服务贴心”
速8酒店(北京潘家园华威南路店),¥196起,4.3分,“医院近”,距市中心直线5.4公里 · 劲松/潘家园,共1149条评论
北京友谊宾馆,¥500起,4.6,好,距市中心直线9.9公里 · 中关村/五道口,“床品洁净”
麗枫酒店(北京牡丹园地铁站店),¥493起,4.9,超棒,距市中心直线8.4公里 · 亚运村/奥体中心,“客房干净”
麗枫酒店(北京亦庄联东U谷店),¥304起,4.7,很好,亦庄,“全新酒店”
喆啡酒店(北京德胜门店),¥325起,4.6,好,距市中心直线5.3公里 · 马甸/安贞,“服务贴心”
宜尚酒店(北京南站右安门万达店),¥340起,4.7,很好,距市中心直线7.6公里 · 永定门/南站/大红门/南苑,“服务贴心”
格林豪泰(北京首都机场T3馨港店),¥160起,4.6,好,首都机场/新国展 · 近李天桥,“客房干净”
北京饭店,¥778起,4.5,不错,距市中心直线350米 · 天安门/王府井,“房间整洁”
季枫酒店(北京工体东大桥地铁站店),¥383起,4.7,很好,距市中心直线3.4公里 · 三里屯/工体/东直门,“服务贴心”
北京国际艺苑皇冠假日酒店,¥547起,4.4分,“酒店洁净”,距市中心直线964米 · 天安门/王府井,共2203条评论
北京建国铂萃酒店,¥696起,4.8,棒,距市中心直线3.1公里 · 北京站/建国门,“早餐丰盛”
北京新侨诺富特饭店,¥446起,4.5,不错,距市中心直线1.0公里 · 天安门/王府井,“房间整洁”
麗枫酒店(北京天安门广场前门地铁站店),¥472起,4.8,棒,距市中心直线2.5公里 · 前门/天坛公园/崇文门,“服务贴心”
北京千禧大酒店,¥969起,4.5,不错,距市中心直线3.9公里 · 国贸CBD,“房间整洁”
秋果酒店(北京东直门雍和宫店),¥399起,4.8,棒,距市中心直线4.3公里 · 三里屯/工体/东直门,“床品舒适”
喆啡酒店(北京国贸店),¥362起,4.4分,“性价比很高”,距市中心直线4.5公里 · 国贸CBD,共49条评论
北京益泉花园酒店,¥389起,4.4分,“环境舒适”,小汤山温泉区 · 北京服装学院北校区附近,共1938条评论
北京励骏酒店,¥1035起,4.7,很好,距市中心直线663米 · 天安门/王府井,“房间整洁”
喆啡酒店(北京宋家庄地铁站店),¥293起,4.7,很好,距市中心直线7.4公里 · 劲松/潘家园,“环境舒适”
北京Marina院子,¥419起,4.4分,“环境舒适”,距市中心直线4.8公里 · 三里屯/工体/东直门,共817条评论
7天优品酒店(北京三里屯团结湖地铁站店),¥245起,4.7,很好,距市中心直线5.3公里 · 燕莎/朝阳公园,“房间干净”
北京大兴世界之花希尔顿欢朋酒店,¥489起,4.7,很好,永定门/南站/大红门/南苑 · 近庑殿家苑,“早餐很赞”
喆啡酒店(北京站天坛公园店),¥290起,4.8,棒,距市中心直线2.7公里 · 前门/天坛公园/崇文门,“服务贴心”
北京内蒙古大厦,¥668起,4.7,很好,距市中心直线688米 · 北京站/建国门,“酒店洁净”
北京航旅主题民宿,¥132起,4.6,好,大兴机场 · 近榆垡路,“服务贴心”
喆啡酒店(北京三元桥燕莎国展店),¥360起,4.8,棒,距市中心直线5.4公里 · 国展中心,“客房干净”
北京新世界酒店,¥1044起,4.7,很好,距市中心直线1.4公里 · 前门/天坛公园/崇文门,“早餐丰富”
北京维景国际大酒店,¥588起,4.7,很好,距市中心直线6.2公里 · 国展中心,“服务贴心”
速8酒店(北京朝阳路兴隆店),¥180起,4.5,不错,国贸CBD · 靠近财满街,“性价比高”
华人小院(十渡1号院),¥135起,4.8,棒,房山景区 · 近十度,“环境舒适”
北京东方君悦大酒店,¥1109起,4.6,好,距市中心直线122米 · 天安门/王府井,“房间整洁”
喆啡酒店(北京国贸慈云寺四惠地铁站店),¥298起,4.8,棒,距市中心直线7.0公里 · 国贸CBD,“出行方便”
JEN北京新国贸饭店,¥1166起,4.6,好,距市中心直线4.1公里 · 国贸CBD,“位置优越”
喆啡酒店(北京小红门地铁站店),¥261起,4.9,超棒,距市中心直线9.0公里 · 劲松/潘家园,“客房干净”
秋果酒店(北京国贸劲松地铁站店),¥336起,4.8,棒,距市中心直线4.9公里 · 劲松/潘家园,“服务贴心”
北京希尔顿逸林酒店,¥677起,4.4分,“服务贴心”,距市中心直线6.7公里 · 北京西站/丽泽商务区,共2948条评论
麗枫酒店(北京亦庄地铁站店),¥240起,4.8,棒,亦庄 · 近亦庄桥,“卫生间整洁”
懿庭臻舍酒店(北京天安门广场店),¥331起,4.5,不错,距市中心直线2.2公里 · 前门/天坛公园/崇文门,“位置优越”
锦江之星(北京后海店),¥319起,4.3分,“位置优越”,距市中心直线4.8公里 · 后海/南锣鼓巷,共1551条评论
秋果酒店(北京天安门广场前门店),¥423起,4.9,超棒,距市中心直线2.5公里 · 前门/天坛公园/崇文门,“服务贴心”
速8酒店(北京潘家园华威南路店),¥196起,4.3分,“医院近”,距市中心直线5.4公里 · 劲松/潘家园,共1149条评论
北京友谊宾馆,¥500起,4.6,好,距市中心直线9.9公里 · 中关村/五道口,“床品洁净”
麗枫酒店(北京牡丹园地铁站店),¥493起,4.9,超棒,距市中心直线8.4公里 · 亚运村/奥体中心,“客房干净”
麗枫酒店(北京亦庄联东U谷店),¥304起,4.7,很好,亦庄,“全新酒店”
喆啡酒店(北京德胜门店),¥325起,4.6,好,距市中心直线5.3公里 · 马甸/安贞,“服务贴心”
宜尚酒店(北京南站右安门万达店),¥340起,4.7,很好,距市中心直线7.6公里 · 永定门/南站/大红门/南苑,“服务贴心”
格林豪泰(北京首都机场T3馨港店),¥160起,4.6,好,首都机场/新国展 · 近李天桥,“客房干净”
北京饭店,¥778起,4.5,不错,距市中心直线350米 · 天安门/王府井,“房间整洁”
季枫酒店(北京工体东大桥地铁站店),¥383起,4.7,很好,距市中心直线3.4公里 · 三里屯/工体/东直门,“服务贴心”
北京国际艺苑皇冠假日酒店,¥547起,4.4分,“酒店洁净”,距市中心直线964米 · 天安门/王府井,共2203条评论
北京建国铂萃酒店,¥696起,4.8,棒,距市中心直线3.1公里 · 北京站/建国门,“早餐丰盛”
秋果S1918庭院式酒店(北京天安门店),¥380起,4.9,超棒,距市中心直线3.4公里 · 前门/天坛公园/崇文门,“服务贴心”
北京东隅酒店,¥933起,4.7,很好,距市中心直线9.3公里 · 望京/酒仙桥/798,“早餐丰富”
北京中工大厦,¥354起,4.7,很好,距市中心直线8.3公里 · 西直门/北京展览馆,“服务周到”
飘HOME连锁酒店(北京西客站店),¥176起,4.4分,“卫生间整洁”,距市中心直线6.9公里 · 北京西站/丽泽商务区,共3078条评论
喆啡酒店(北京通州环球度假区店),¥277起,4.9,超棒,果园环岛/通州 · 梨园镇政府附近,“客房干净”
秋果酒店(北京崇文门同仁医院店),¥566起,4.9,超棒,距市中心直线1.3公里 · 前门/天坛公园/崇文门,“服务贴心”
北京想谷酒店,¥259起,4.7,很好,传媒大学/管庄 · 靠近中国传媒大学西门,“服务贴心”
桔子酒店(北京国贸店),¥493起,4.7,很好,距市中心直线4.5公里 · 国贸CBD,“服务贴心”
如家酒店(北京花乡桥天坛医院店),¥176起,4.6,好,总部基地/丰台/南宫 · 北京天坛医院新院区附近,“房间干净”
喆啡酒店(北京西站达官营地铁站店),¥341起,4.8,棒,距市中心直线6.5公里 · 北京西站/丽泽商务区,“环境舒适”
麗枫酒店(北京岳各庄桥店),¥395起,4.8,棒,总部基地/丰台/南宫 · 北京302医院附近,“全新酒店”
北京诺金酒店,¥1023起,4.7,很好,距市中心直线9.3公里 · 望京/酒仙桥/798,“早餐丰富”
佳龙酒店(北京朝阳门总店),¥415起,4.5,不错,距市中心直线2.2公里 · 三里屯/工体/东直门,“环境舒适”
UP华驿精选酒店(北京华贸国展金台路地铁站店),¥194起,4.7,很好,距市中心直线6.0公里 · 国贸CBD,“服务贴心”
北京隆屋酒店,¥231起,4.3分,“环境舒适”,公主坟/五棵松/石景山游乐园 · 北京肿瘤医院附近,共321条评论
7天优品酒店(北京刘家窑地铁站店),¥256起,4.4分,“房间干净”,距市中心直线5.8公里 · 劲松/潘家园,共1143条评论
北京如意商务酒店,¥363起,4.6,好,距市中心直线9.9公里 · 西直门/北京展览馆,“早餐丰富”
桔子酒店(北京首都机场孙河店),¥336起,4.9,超棒,首都机场/新国展 · 近康营中路,“服务贴心”
北京华彬费尔蒙酒店,¥894起,4.6,好,距市中心直线3.3公里 · 国贸CBD,“有按摩设施”
懿庭臻舍酒店(北京前门步行街店),¥354起,4.6,好,距市中心直线2.4公里 · 前门/天坛公园/崇文门,“位置优越”
麗枫酒店(北京国贸万达店),¥448起,4.7,很好,距市中心直线4.8公里 · 国贸CBD,“服务贴心”
北京丽晶酒店,¥1108起,4.7,很好,距市中心直线776米 · 天安门/王府井,“房间整洁”
喆啡酒店(北京温都水城店),¥321起,4.9,超棒,回龙观/天通苑 · 近中央戏剧学院(昌平校区),“服务贴心”
速8酒店(北京双井九龙山地铁站店),¥215起,4.5,不错,距市中心直线6.1公里 · 劲松/潘家园,“卫生间整洁”
麗枫酒店(北京龙泽地铁站店),¥623起,4.8,棒,回龙观/天通苑 · 近回龙观西大街,“房间干净”
北京内蒙古饭店,¥307起,4.8,棒,传媒大学/管庄 · 中国传媒大学南门附近,“卫生间整洁”
速8酒店(北京新天坛医院新发地店),¥180起,4.7,很好,总部基地/丰台/南宫 · 北京天坛医院新院区附近,“卫生间整洁”
喆啡酒店(北京西直门新街口地铁店),¥346起,4.5,不错,距市中心直线5.2公里 · 西直门/北京展览馆,“房间干净”
7天连锁酒店(北京管庄地铁站世通大厦店),¥145起,4.5,不错,传媒大学/管庄 · 近管庄,“房间干净”
7天连锁酒店(北京鼓楼桥北店),¥216起,4.1分,“性价比高”,距市中心直线5.6公里 · 马甸/安贞,共1032条评论
康福瑞连锁酒店(北京学院南路店),¥311起,4.6,好,距市中心直线7.9公里 · 中关村/五道口,“服务贴心”
北京盈坤维景酒店,¥544起,4.8,棒,总部基地/丰台/南宫 · 北京天坛医院新院区附近,“服务贴心”
格林豪泰(北京市首都机场第二店),¥163起,4.4分,“机场近”,首都机场/新国展 · 天竺花园附近,共3268条评论
麗枫酒店(北京房山大学城店),¥288起,4.8,棒,房山景区 · 近中国社会科学院研究生院,“服务贴心”
喆啡酒店(北京南站天坛南门店),¥275起,4.7,很好,距市中心直线4.3公里 · 永定门/南站/大红门/南苑,“服务热情”
全季酒店(北京长楹天街店),¥426起,4.7,很好,传媒大学/管庄 · 近管庄路,“房间干净”
北京雅诗阁盛世博瑞服务公寓,¥770起,4.5,不错,距市中心直线7.5公里 · 劲松/潘家园,“卫生间宽敞”
北京中国大饭店,¥1004起,4.7,很好,距市中心直线3.9公里 · 国贸CBD,“房间整洁”
全季酒店(北京三里屯店),¥548起,4.7,很好,距市中心直线4.0公里 · 三里屯/工体/东直门,“服务贴心”
7天连锁酒店(北京首都机场二店),¥139起,4.5,不错,首都机场/新国展 · 天竺花园附近,“性价比高”
北京凤凰台饭店,¥420起,4.6,好,距市中心直线6.2公里 · 北京西站/丽泽商务区,“房间干净”
麗枫酒店(北京亚运村鸟巢国家会议中心店),¥420起,4.6,好,距市中心直线9.3公里 · 亚运村/奥体中心,“环境舒适”
北京国家会议中心大酒店,¥669起,4.6,好,亚运村/奥体中心 · 国家体育馆附近,“房间整洁”
全季酒店(北京十里河店),¥460起,4.8,棒,距市中心直线6.0公里 · 劲松/潘家园,“服务周到”
7天优品酒店(北京东坝店),¥178起,4.7,很好,首都机场/新国展 · 北京信息职业技术学院东区附近,“wifi不错”
秋果酒店(北京欢乐谷地铁站店),¥412起,4.8,棒,距市中心直线9.4公里 · 欢乐谷,“环境很好”
速8酒店(北京刘家窑地铁站店),¥163起,4.3分,“客房干净”,距市中心直线6.0公里 · 劲松/潘家园,共647条评论
景里酒店(北京国贸店),¥535起,4.8,棒,距市中心直线6.9公里 · 欢乐谷,“服务贴心”
喆啡酒店(北京南站木樨园地铁站店),¥268起,4.7,很好,距市中心直线6.1公里 · 永定门/南站/大红门/南苑,“卫生间整洁”
北京空港奥竺宾馆,¥116起,4.5,不错,首都机场/新国展 · 首都机场一号公寓附近,“机场近”
北京昆泰嘉华酒店,¥667起,4.7,很好,距市中心直线2.8公里 · 三里屯/工体/东直门,“房间整洁”
麗枫酒店(北京望京科技园店),¥494起,4.8,棒,望京/酒仙桥/798 · 望京soho附近,“服务贴心”
速8酒店(鸟巢奥体中心地铁站),¥199起,4.1分,“客房干净”,距市中心直线8.5公里 · 亚运村/奥体中心,共1329条评论
北京月桂树酒店,¥384起,4.6,好,距市中心直线7.9公里 · 永定门/南站/大红门/南苑,“房间干净”
北京月亮河璞玥酒店,¥422起,4.9,超棒,果园环岛/通州 · 首都医科大学附属北京胸科医院附近,“环境舒适”
北京香格里拉饭店,¥1210起,4.7,很好,距市中心直线9.8公里 · 西直门/北京展览馆,“酒店洁净”
希岸酒店(北京天桥地铁站店),¥290起,4.6,好,距市中心直线3.5公里 · 前门/天坛公园/崇文门,“位置优越”
漫心北京前门四合院酒店,¥1038起,4.8,棒,距市中心直线2.1公里 · 天安门/王府井,“服务贴心”
麗枫酒店(北京顺义石门地铁站店),¥342起,4.7,很好,顺义温泉区 · 顺义地铁站A口附近,“客房干净”
莱雅酒店(北京丰台南路地铁站店),¥167起,4.6,好,总部基地/丰台/南宫 · 北京天坛医院新院区附近,“客房干净”
北京丽都皇冠假日酒店,¥800起,4.7,很好,距市中心直线9.3公里 · 望京/酒仙桥/798,“早餐丰富”
北京国槐芳熙四合院酒店,¥268起,4.6,好,距市中心直线5.2公里 · 西单/金融街,“环境舒适”
北京春晖园温泉度假酒店,¥750起,4.5,不错,顺义温泉区 · 近顺于路,“房间整洁”
北京中奥马哥孛罗大酒店,¥866起,4.7,很好,亚运村/奥体中心 · 靠近兰华国际大厦,“酒店洁净”
锦江之星(北京酒仙桥电子城店),¥359起,4.6,好,距市中心直线9.8公里 · 望京/酒仙桥/798,“服务贴心”
北京金隅喜来登酒店,¥1049起,4.7,很好,距市中心直线6.3公里 · 马甸/安贞,“房间整洁”
秋果酒店(北京新国展首都机场店),¥368起,4.8,棒,首都机场/新国展 · 天竺花园附近,“服务贴心”
北京四季天成酒店,¥251起,4.3分,“性价比高”,距市中心直线3.4公里 · 前门/天坛公园/崇文门,共1644条评论
北京金霖酒店,¥390起,4.4分,“卫生间宽敞”,距市中心直线2.5公里 · 前门/天坛公园/崇文门,共695条评论
北京东方美爵酒店,¥628起,4.6,好,距市中心直线3.4公里 · 三里屯/工体/东直门,“位置优越”
秋果S酒店·1924(北京五棵松解放军总医院店),¥724起,4.9,超棒,公主坟/五棵松/石景山游乐园 · 北京301医院附近,“服务贴心”
MAX HOTELS(北京酒仙桥店),¥483起,4.7,很好,距市中心直线9.7公里 · 望京/酒仙桥/798,“环境舒适”
希岸·轻雅酒店(北京大兴国际机场店),¥360起,4.7,很好,大兴机场,“客房干净”
北京南锣鼓巷CitiGO欢阁酒店,¥484起,4.6,好,距市中心直线2.8公里 · 后海/南锣鼓巷,“位置优越”
IU酒店(北京回龙观生命科学园地铁站店),¥362起,4.7,很好,回龙观/天通苑 · 朱辛庄地铁站B2口附近,“环境舒适”
汉庭优佳酒店(北京国贸劲松地铁站店),¥332起,4.7,很好,距市中心直线5.1公里 · 劲松/潘家园,“位置优越”
北京君颐百合精品酒店,¥350起,4.7,很好,大兴机场 · 枣园地铁站D口附近,“环境舒适”
北京厦航嘉年华酒店,¥681起,4.5,不错,距市中心直线8.3公里 · 北京西站/丽泽商务区,“早餐丰富”
格林豪泰智选酒店(北京朝阳区郎辛庄地铁站店),¥194起,4.8,棒,亦庄 · 近北京化工集团华腾·易心堂文创园,“房间干净”
北京天伦王朝酒店,¥558起,4.5,不错,距市中心直线894米 · 天安门/王府井,“房间整洁”
北京贵州大厦,¥680起,4.7,很好,距市中心直线6.6公里 · 国展中心,“床品洁净”
汉庭优佳酒店(北京大兴星光影视园店),¥273起,4.6,好,大兴机场 · 近中国人民公安大学团河校区,“卫生间整洁”
琳宜精选酒店(北京环球度假区店),¥179起,4.8,棒,果园环岛/通州 · 近海棠湾,“卫生间整洁”
北京金龙潭大饭店,¥575起,4.7,很好,距市中心直线9.4公里 · 西直门/北京展览馆,“房间整洁”
北京泛太平洋酒店,¥1231起,4.7,很好,距市中心直线3.6公里 · 西单/金融街,“服务贴心”
北京富力万达嘉华酒店,¥701起,4.7,很好,公主坟/五棵松/石景山游乐园 · 靠近万达广场(北京石景山店),“房间整洁”
秋果酒店(北京西客站店),¥371起,4.9,超棒,距市中心直线8.6公里 · 北京西站/丽泽商务区,“环境舒适”
秋果酒店(北京十里河地铁站店),¥489起,4.8,棒,距市中心直线6.1公里 · 劲松/潘家园,“服务贴心”
云川酒店(北京国贸店),¥382起,4.8,棒,距市中心直线7.3公里 · 国贸CBD,“服务贴心”
北京长富宫饭店,¥660起,4.6,好,距市中心直线2.1公里 · 北京站/建国门,“房间整洁”
北京秋朵酒店,¥453起,4.7,很好,距市中心直线7.0公里 · 马甸/安贞,“服务贴心”
北京东交民巷饭店,¥400起,4.6,好,距市中心直线1.0公里 · 天安门/王府井,“位置优越”
全季酒店(北京大兴绿地缤纷城店),¥479起,4.8,棒,大兴机场 · 枣园地铁站D口附近,“环境舒适”
非繁城品酒店(北京大兴机场草桥地铁站店),¥293起,4.6,好,距市中心直线9.0公里 · 永定门/南站/大红门/南苑,“服务贴心”
北京亦庄智选假日酒店,¥511起,4.8,棒,亦庄 · 同仁医院亦庄分院附近,“早餐丰富”
7天连锁酒店(北京西站六里桥地铁站店),¥166起,4.3分,“服务贴心”,北京西站/丽泽商务区 · 中建一局大厦附近,共1242条评论
城市精选酒店(北京国展柳芳地铁站店),¥293起,4.7,很好,距市中心直线5.5公里 · 国展中心,“服务贴心”
北京丽亭华苑酒店,¥751起,4.7,很好,距市中心直线9.5公里 · 中关村/五道口,“酒店洁净”
北京亚奥国际酒店,¥308起,4.4分,“房间整洁”,亚运村/奥体中心 · 北京306医院附近,共2413条评论
北京舍得精品酒店,¥246起,4.6,好,距市中心直线5.8公里 · 永定门/南站/大红门/南苑,“客房干净”
如家商旅酒店(北京交通大学东门店),¥434起,4.8,棒,距市中心直线7.3公里 · 西直门/北京展览馆,“环境舒适”
全季酒店(北京燕莎三元东桥店),¥636起,4.8,棒,距市中心直线6.2公里 · 燕莎/朝阳公园,“早餐丰盛”
如家酒店(北京北清路航天城店),¥540起,4.6,好,沙河大学城/上庄 · 近北京航天城,“服务贴心”
麗枫酒店(北京奥运村鸟巢店),¥449起,4.7,很好,上地产业园/西三旗 · 近奥北科技园,“服务贴心”
北京五洲大酒店,¥568起,4.5,不错,距市中心直线8.8公里 · 亚运村/奥体中心,“房间整洁”
北京朝阳公园亚朵酒店,¥614起,4.8,棒,距市中心直线7.0公里 · 国贸CBD,“服务贴心”
速8酒店(北京陶然亭地铁站东店),¥214起,4.1分,“房间干净”,距市中心直线4.7公里 · 永定门/南站/大红门/南苑,共320条评论
北京大兴希尔顿酒店,¥989起,4.7,很好,大兴机场 · 近高米店南,“服务贴心”
北京燕莎中心凯宾斯基饭店,¥965起,4.6,好,距市中心直线6.1公里 · 燕莎/朝阳公园,“房间整洁”
北京临空新国展亚朵酒店,¥482起,4.8,棒,顺义温泉区 · 后沙峪镇政府附近,“服务贴心”
北京朝阳悠唐皇冠假日酒店,¥767起,4.6,好,距市中心直线2.4公里 · 三里屯/工体/东直门,“位置优越”
星宿酒店(北京方庄店),¥140起,4.8,棒,距市中心直线6.8公里 · 劲松/潘家园,“性价比高”
北京京润国际公寓,¥436起,4.8,棒,国贸CBD · 财满街附近,“服务贴心”
7天连锁酒店(北京清华大学东门店),¥231起,4.3分,“性价比高”,中关村/五道口 · 清华大学东北门附近,共1461条评论
如家精选酒店(北京广渠门地铁站店),¥353起,4.7,很好,距市中心直线3.4公里 · 北京站/建国门,“房间干净”
北京海润艾丽华酒店及服务公寓,¥558起,4.4分,“房间整洁”,中关村/五道口 · 中国人民大学西门附近,共1706条评论
希岸·轻雅酒店(北京双桥农场店),¥210起,4.8,棒,传媒大学/管庄 · 近康城花园别墅,“客房干净”
北京金茂万丽酒店,¥1058起,4.7,很好,距市中心直线1.2公里 · 天安门/王府井,“服务贴心”
北京君颐东方饭店,¥638起,4.7,很好,公主坟/五棵松/石景山游乐园 · 北京301医院附近,“早餐丰富”
IU酒店(北京黄寺大街店),¥392起,4.6,好,距市中心直线6.3公里 · 马甸/安贞,“床单干净”
喆啡酒店(北京人民大会堂前门大街地铁站店),¥357起,4.7,很好,距市中心直线2.3公里 · 前门/天坛公园/崇文门,“位置优越”
北京府右街宾馆,¥413起,4.6,好,距市中心直线2.9公里 · 西单/金融街,“房间干净”
北京南站亚朵酒店,¥707起,4.8,棒,距市中心直线4.8公里 · 西单/金融街,“服务贴心”
北京飞天大厦,¥573起,4.8,棒,距市中心直线3.4公里 · 劲松/潘家园,“房间整洁”
速8酒店(北京欢乐谷十八里店南桥店),¥140起,4.4分,“服务周到”,距市中心直线9.4公里 · 劲松/潘家园,共436条评论
喆啡酒店(北京丰台火车站丽泽商务区店),¥318起,4.7,很好,北京西站/丽泽商务区 · 北京307医院附近,“房间干净”
北京国泰饭店,¥498起,4.5,不错,距市中心直线3.0公里 · 国贸CBD,“位置优越”
北京歌华开元大酒店,¥742起,4.8,棒,距市中心直线6.3公里 · 马甸/安贞,“早餐丰富”
全季酒店(北京酒仙桥798艺术区店),¥612起,4.8,棒,望京/酒仙桥/798 · 望京国际商业中心附近,“环境非常好”
飘HOME连锁酒店(北京国展和平里店),¥310起,4.7,很好,距市中心直线5.7公里 · 国展中心,“卫生间整洁”
星程酒店(北京新国展空港工业园区店),¥254起,4.6,好,首都机场/新国展,“性价比高”
北京金融街亚朵S吴酒店,¥643起,4.8,棒,距市中心直线4.3公里 · 天安门/王府井,“服务贴心”
格林豪泰(北京丰台东大街店),¥240起,4.6,好,北京西站/丽泽商务区 · 北京307医院附近,“位置优越”
如家酒店(北京广安门店),¥237起,4.6,好,距市中心直线6.8公里 · 北京西站/丽泽商务区,“房间干净”
麗枫酒店(北京长阳地铁站店),¥353起,4.7,很好,房山景区 · 靠近长阳地铁站B口,“客房干净”
北京圆山大酒店,¥320起,4.4分,“房间干净”,距市中心直线7.2公里 · 马甸/安贞,共1368条评论
桔子酒店(北京新国展店),¥440起,4.8,棒,首都机场/新国展 · 靠近北京地坛医院,“服务贴心”
北京二十一世纪饭店,¥373起,4.3分,“房间干净”,距市中心直线6.9公里 · 燕莎/朝阳公园,共2009条评论
星程酒店(北京国贸店),¥449起,4.8,棒,距市中心直线4.5公里 · 国贸CBD,“出行方便”
柏曼酒店(北京黄村西大街地铁站店),¥201起,4.9,超棒,大兴机场 · 近北京印刷学院,“服务态度热情”
北京富力万丽酒店,¥980起,4.6,好,距市中心直线4.2公里 · 国贸CBD,“房间整洁”
魔尔公寓(北京中关村店),¥434起,4.7,很好,距市中心直线9.3公里 · 西直门/北京展览馆,“环境很好”
北京华滨国际大酒店,¥759起,4.7,很好,距市中心直线3.3公里 · 西单/金融街,“卫生间宽敞”
北京华贸京玺酒店,¥502起,4.8,棒,距市中心直线6.1公里 · 三里屯/工体/东直门,“服务贴心”
嘉利华连锁酒店(北京传媒大学西门店),¥101起,4.5,不错,传媒大学/管庄 · 靠近中国传媒大学西门,“客房干净”
麗枫酒店(北京亦庄开发区店),¥314起,4.7,很好,亦庄 · 百尚购物广场附近,“服务贴心”
北京大方饭店,¥413起,4.6,好,距市中心直线7.9公里 · 北京西站/丽泽商务区,“房间整洁”
北京裕龙大酒店,¥546起,4.7,很好,距市中心直线9.9公里 · 公主坟/五棵松/石景山游乐园,“房间干净”
喆啡酒店(北京大兴国际机场二店),¥306起,4.7,很好,大兴机场 · 近中国西瓜博物馆,“环境舒适”
格林豪泰(北京朝阳区马泉营地铁站店),¥245起,4.6,好,首都机场/新国展 · 近马泉营,“客房干净”
喆啡酒店(北京鸟巢国家会议中心店),¥314起,4.7,很好,距市中心直线9.5公里 · 亚运村/奥体中心,“服务贴心”
雅悦精致酒店(北京官园桥金融街店),¥438起,4.8,棒,距市中心直线4.8公里 · 西单/金融街,“服务贴心”
枫岛酒店(北京杨闸环岛店),¥143起,4.6,好,传媒大学/管庄 · 近管庄,“价格实惠”
北京西站南广场亚朵酒店,¥606起,4.8,棒,距市中心直线8.0公里 · 北京西站/丽泽商务区,“早餐丰富”
世家轻奢酒店(北京财满街店),¥286起,4.5,不错,距市中心直线10.0公里 · 国贸CBD,“服务贴心”
锦江之星(北京通州北苑地铁站店),¥249起,4.6,好,果园环岛/通州 · 潞河医院附近,“环境舒适”
喆啡酒店(北京通州万达果园地铁站店),¥253起,4.5,不错,果园环岛/通州 · 九棵树地铁站B口附近,“环境舒适”
北京五环大酒店,¥340起,4.5,不错,距市中心直线5.9公里 · 劲松/潘家园,“房间整洁”
北京裕龙国际酒店,¥597起,4.8,棒,距市中心直线9.9公里 · 公主坟/五棵松/石景山游乐园,“服务贴心”
北京立水桥地铁站轻居酒店,¥431起,4.8,棒,亚运村/奥体中心 · 近立水桥(地铁站),“服务贴心”
麗枫酒店(北京石景山万达广场店),¥319起,4.6,好,公主坟/五棵松/石景山游乐园 · 朝阳医院京西院区附近,“服务贴心”
北京金融街威斯汀大酒店,¥1458起,4.6,好,距市中心直线4.7公里 · 西单/金融街,“房间整洁”
桔子酒店(北京四惠高碑店文化园店),¥411起,4.9,超棒,国贸CBD · 中国传媒大学南门附近,“服务贴心”
北京凯迪克格兰云天大酒店,¥697起,4.6,好,距市中心直线9.2公里 · 亚运村/奥体中心,“房间整洁”
喆啡酒店(北京门头沟区政府新桥大街店),¥255起,4.7,很好,门头沟/潭柘寺/妙峰山景区 · 近大峪第二小学,“客房干净”
喆啡酒店(北京昌平地铁站政府街店),¥296起,4.9,超棒,昌平城区/十三陵度假区 · 昌平一中附近,“环境舒适”
喆啡酒店(北京碧水庄园朱辛庄地铁站店),¥361起,4.7,很好,沙河大学城/上庄 · 近碧水庄园,“环境舒适”
时光漫步S酒店(北京央视店),¥468起,4.9,超棒,距市中心直线6.0公里 · 国贸CBD,“服务贴心”
北京唐拉雅秀酒店,¥620起,4.6,好,距市中心直线6.0公里 · 西单/金融街,“服务贴心”
北京鹏润国际大酒店,¥614起,4.6,好,距市中心直线7.0公里 · 燕莎/朝阳公园,“房间整洁”
全季酒店(北京东直门店),¥548起,4.7,很好,距市中心直线4.3公里 · 三里屯/工体/东直门,“房间干净”
麗枫酒店(北京大兴清源路店),¥248起,4.6,好,大兴机场 · 黄村西大街地铁站C口附近,“房间干净”
北京南宫温泉庄园酒店,¥577起,4.4分,“适合孩子”,总部基地/丰台/南宫 · 航天七三一医院附近,共1621条评论
时光漫步怀旧主题酒店(北京国贸劲松平乐园地铁站店),¥406起,4.8,棒,距市中心直线5.9公里 · 劲松/潘家园,“服务贴心”
北京金源丽晶酒店,¥451起,4.6,好,距市中心直线7.2公里 · 永定门/南站/大红门/南苑,“服务贴心”
如家精选酒店(北京团结湖地铁站店),¥395起,4.7,很好,距市中心直线4.9公里 · 燕莎/朝阳公园,“位置优越”
汉庭酒店(北京五棵松南店),¥362起,4.5,不错,总部基地/丰台/南宫 · 北京302医院附近,“服务周到”
北京自安然酒店,¥672起,4.7,很好,回龙观/天通苑 · 近天通苑,“卫生间宽敞”
全季酒店(北京广渠路店),¥411起,4.8,棒,距市中心直线9.6公里 · 国贸CBD,“卫生间整洁”
北京亚运村鸟巢亚朵酒店,¥652起,4.8,棒,距市中心直线9.7公里 · 亚运村/奥体中心,“房间干净”
格兰云天·阅酒店(北京奥宇店),¥393起,4.8,棒,大兴机场 · 近科苑路,“卫生间宽敞”
北京西苑饭店,¥558起,4.5,不错,距市中心直线7.6公里 · 西直门/北京展览馆,“房间整洁”
北京陶然花园酒店,¥295起,4.6,好,距市中心直线4.8公里 · 永定门/南站/大红门/南苑,“环境舒适”
北京希尔顿酒店,¥1108起,4.5,不错,距市中心直线6.3公里 · 燕莎/朝阳公园,“酒店洁净”
北京花乡天坛医院亚朵酒店,¥552起,4.9,超棒,永定门/南站/大红门/南苑 · 北京天坛医院新院区附近,“服务贴心”
北京总部基地CitiGO欢阁酒店,¥460起,4.8,棒,总部基地/丰台/南宫 · 丰台科技园地铁站D口附近,“服务贴心”
北京森林小憩酒店,¥200起,4.5,不错,永定门/南站/大红门/南苑 · 新宫地铁站A口附近,“卫生间整洁”
速8酒店(北京潘家园地铁站店),¥162起,4.1分,“客房干净”,距市中心直线5.8公里 · 劲松/潘家园,共278条评论
桔子酒店(北京五棵松店),¥549起,4.8,棒,公主坟/五棵松/石景山游乐园 · 北京肿瘤医院附近,“房间干净”
秋果酒店(北京朝阳路店),¥400起,4.8,棒,距市中心直线7.4公里 · 国贸CBD,“房间干净”
北京东方威尼斯国际酒店,¥232起,4.2分,“客房干净”,距市中心直线9.7公里 · 北京西站/丽泽商务区,共268条评论
富驿时尚酒店(北京亦庄创意生活广场店),¥392起,4.7,很好,亦庄 · 近亦庄,“环境舒适”
7天连锁酒店(北京鸟巢店),¥258起,4.4分,“性价比高”,距市中心直线10.0公里 · 亚运村/奥体中心,共1195条评论
北京昆仑饭店,¥985起,4.7,很好,距市中心直线5.8公里 · 燕莎/朝阳公园,“房间整洁”
麗枫酒店(北京怀柔雁栖科学城店),¥300起,4.8,棒,怀柔景区 · 近雁栖路/杨雁路(路口),“房间干净”
北京北大荒宾馆,¥309起,4.4分,“客房干净”,距市中心直线9.1公里 · 亚运村/奥体中心,共377条评论
北京东直门亚朵S酒店,¥658起,4.8,棒,距市中心直线5.2公里 · 国展中心,“服务贴心”
麗枫酒店(北京顺义地铁站店),¥317起,4.7,很好,顺义温泉区 · 靠近顺义地铁站A口,“服务贴心”
北京曾府酒店,¥345起,4.6,好,上地产业园/西三旗 · 近中关村东升科技园,“古色古香”
柏曼酒店(北京通州北关地铁站运河商务区店),¥224起,4.6,好,果园环岛/通州 · 潞河医院附近,“房间干净”
北京贯通建徽酒店,¥336起,4.6,好,距市中心直线6.8公里 · 北京西站/丽泽商务区,“环境舒适”
北京伯豪瑞廷酒店,¥788起,4.6,好,距市中心直线4.9公里 · 国贸CBD,“房间整洁”
和颐酒店(北京石景山万达广场店),¥359起,4.7,很好,公主坟/五棵松/石景山游乐园 · 欢乐水魔方水上乐园附近,“服务贴心”
如家酒店(北京首都经贸大学天坛医院店),¥232起,4.6,好,北京西站/丽泽商务区 · 北京天坛医院新院区附近,“服务贴心”
北京京都信苑饭店,¥600起,4.8,棒,距市中心直线8.8公里 · 北京西站/丽泽商务区,“房间整洁”
北京西长安美居酒店,¥714起,4.7,很好,公主坟/五棵松/石景山游乐园 · 中铁广场附近,“吃的不错”
全季酒店(北京丽泽商务区店),¥499起,4.8,棒,北京西站/丽泽商务区 · 北京307医院附近,“房间干净”
北京新云南皇冠假日酒店,¥798起,4.6,好,距市中心直线7.1公里 · 国展中心,“房间整洁”
北京中关村北外亚朵S酒店,¥799起,4.9,超棒,中关村/五道口 · 靠近北京理工大学南门,“服务贴心”
维也纳酒店(北京万达西八角游乐园地铁站店),¥378起,4.8,棒,公主坟/五棵松/石景山游乐园 · 朝阳医院京西院区附近,“客房干净”
喆啡酒店(北京通州马驹桥经海路地铁站店),¥251起,4.8,棒,亦庄 · 近珠江四季悦城,“服务贴心”
桔子水晶北京酒仙桥酒店,¥597起,4.8,棒,距市中心直线9.7公里 · 望京/酒仙桥/798,“服务贴心”
全季酒店(北京石景山万达台湾街店),¥518起,4.7,很好,公主坟/五棵松/石景山游乐园 · 石景山万达广场附近,“服务贴心”
7天连锁酒店(北京上地西三旗桥西店),¥305起,4.5,不错,上地产业园/西三旗 · 金领时代大厦附近,“房间干净”
北京首都宾馆,¥677起,4.5,不错,距市中心直线1.0公里 · 天安门/王府井,“房间整洁”
北京乐多港万豪酒店,¥991起,4.6,好,昌平城区/十三陵度假区 · 北京交通职业技术学院附近,“适合孩子”
派酒店(北京花乡奥莱新天坛医院店),¥182起,4.7,很好,总部基地/丰台/南宫 · 北京天坛医院新院区附近,“房间干净”
北京Stey王府井酒店,¥618起,4.7,很好,距市中心直线826米 · 天安门/王府井,“住的开心”
北京山西(金辇)大厦,¥511起,4.5,不错,距市中心直线6.5公里 · 永定门/南站/大红门/南苑,“早餐很赞”
欣燕都连锁酒店(北京菜市口店),¥245起,4.1分,“位置优越”,距市中心直线4.6公里 · 前门/天坛公园/崇文门,共369条评论
东方圣达文化酒店(北京南锣鼓巷步行街店),¥411起,4.6,好,距市中心直线3.4公里 · 天安门/王府井,“位置优越”
速8酒店(北京管庄地铁站店),¥161起,4.6,好,传媒大学/管庄 · 近管庄,“卫生间整洁”
北京金陵饭店,¥638起,4.6,好,距市中心直线9.2公里 · 望京/酒仙桥/798,“早餐很赞”
北京新世纪日航饭店,¥640起,4.4分,“房间整洁”,距市中心直线7.9公里 · 西直门/北京展览馆,共4842条评论
麗枫酒店(北京昌平体育馆店),¥283起,4.7,很好,昌平城区/十三陵度假区 · 昌平区政府附近,“客房干净”
北京大兴国际机场木棉花酒店,¥979起,4.8,棒,大兴机场 · 近大兴国际机场,“服务贴心”
全季酒店(北京大兴金星桥店),¥371起,4.6,好,大兴机场 · 近科苑路,“打扫的很干净”
格林豪泰(北京传媒大学南门店),¥225起,4.5,不错,传媒大学/管庄 · 中国传媒大学南门附近,“服务周到”
维也纳酒店(北京五棵松大成路店),¥339起,4.6,好,总部基地/丰台/南宫 · 石景山区同心医院附近,“房间干净”
有戏电影酒店(北京六里桥店),¥375起,4.8,棒,总部基地/丰台/南宫 · 中建一局大厦附近,“床品舒适”
北京首都机场亚朵酒店,¥599起,4.8,棒,顺义温泉区 · 近翼之城,“服务贴心”
格林豪泰(北京林萃路店),¥339起,4.6,好,上地产业园/西三旗 · 近奥北科技园,“环境舒适”
北京国二招宾馆(东楼),¥818起,4.8,棒,距市中心直线5.8公里 · 西单/金融街,“服务贴心”
桔子酒店(北京三元桥店),¥469起,4.8,棒,距市中心直线6.2公里 · 国展中心,“服务贴心”
北京铂斯雅致酒店,¥588起,4.6,好,房山景区 · 近韩建大厦,“环境舒适”
城家公寓酒店(北京总部基地店),¥256起,4.4分,“客房干净”,总部基地/丰台/南宫 · 丰台科技园地铁站D口附近,共73条评论
7天连锁酒店(北京朝阳北路常营地铁站店),¥185起,4.5,不错,传媒大学/管庄 · 近龙湖长楹天街,“早餐丰富”
北京花漾年华酒店,¥528起,4.6,好,国贸CBD · 财满街附近,“环境舒适”
北京青蓝大厦,¥180起,4.0分,“房间干净”,距市中心直线2.8公里 · 三里屯/工体/东直门,共803条评论
锦江之星(北京万丰路店),¥289起,4.6,好,公主坟/五棵松/石景山游乐园 · 北京302医院附近,“房间干净”
喆啡酒店(北京西站莲花桥店),¥418起,4.7,很好,距市中心直线9.4公里 · 北京西站/丽泽商务区,“环境舒适”
桔子酒店(北京亦庄荣京西街店),¥414起,4.8,棒,亦庄 · 北京普祥中医肿瘤医院附近,“服务贴心”
北京首钢秀池智选假日酒店,¥557起,4.7,很好,公主坟/五棵松/石景山游乐园 · 近首钢园区西十筒仓,“服务贴心”
速8酒店(北京旧宫地铁站万科广场店),¥161起,4.3分,“服务贴心”,大兴机场 · 北京普祥中医肿瘤医院附近,共132条评论
北京海淀永泰福朋喜来登酒店,¥794起,4.5,不错,中关村/五道口 · 世纪金源商务中心附近,“环境舒适”
北京遨途机场酒店,¥514起,4.2分,“早餐很赞”,大兴机场 · 近大兴国际机场,共1934条评论
桔子水晶北京国贸建国门酒店,¥646起,4.8,棒,距市中心直线3.0公里 · 北京站/建国门,“服务贴心”
Zsmart智尚酒店(北京西客站北广场店),¥284起,4.4分,“环境舒适”,距市中心直线7.8公里 · 北京西站/丽泽商务区,共1461条评论
如家精选酒店(北京朝阳门地铁站店),¥410起,4.7,很好,距市中心直线2.3公里 · 三里屯/工体/东直门,“房间干净”
北京燕山大酒店,¥516起,4.5,不错,中关村/五道口 · 靠近中国人民大学(东门),“房间整洁”
秋果酒店(北京望京科技园店),¥490起,4.9,超棒,望京/酒仙桥/798 · 爱慕大厦附近,“服务贴心”
北京民族饭店,¥687起,4.5,不错,距市中心直线4.1公里 · 西单/金融街,“房间整洁”
全季酒店(北京南站洋桥店),¥597起,4.8,棒,距市中心直线5.9公里 · 永定门/南站/大红门/南苑,“环境舒适”
北京华威商务酒店,¥538起,4.6,好,距市中心直线3.3公里 · 西单/金融街,“卫生间宽敞”
倪氏海泰大酒店(北京四季青店),¥778起,4.6,好,中关村/五道口 · 世纪金源商务中心附近,“早餐丰富”
北京海归缘商务酒店,¥300起,4.7,很好,总部基地/丰台/南宫 · 北京天坛医院新院区附近,“环境舒适”
如家驿居酒店(北京房山良乡大学城西地铁站店),¥149起,4.7,很好,房山景区 · 北京经贸职业学院附近,“环境舒适”
喆啡酒店(北京首创奥特莱斯长阳地铁站店),¥314起,4.7,很好,房山景区 · 近京投港大厦,“服务贴心”
格林豪泰(北京杜家坎园博园店),¥218起,4.5,不错,总部基地/丰台/南宫 · 近中体奥林匹克花园,“卫生间整洁”
北京兴基铂尔曼饭店,¥573起,4.6,好,亦庄 · 同仁医院亦庄分院附近,“服务贴心”
北京望京智选假日酒店,¥579起,4.3分,“早餐很赞”,望京/酒仙桥/798 · 靠近望京国际商业中心,共1494条评论
如家商旅酒店(北京四季青桥店),¥459起,4.8,棒,公主坟/五棵松/石景山游乐园 · 世纪金源商务中心附近,“服务贴心”
漫心北京古韵南锣酒店,¥616起,4.9,超棒,距市中心直线3.3公里 · 后海/南锣鼓巷,“古色古香”
北京实茂花园酒店,¥502起,4.9,超棒,总部基地/丰台/南宫 · 丰台科技园地铁站D口附近,“环境舒适”
北京寿州大饭店,¥286起,4.2分,“环境舒适”,距市中心直线6.9公里 · 西单/金融街,共487条评论
格林豪泰(北京通州区宋庄镇店),¥192起,4.5,不错,果园环岛/通州 · 近宋庄镇,“位置优越”
秋果酒店(北京颐和园店),¥629起,4.8,棒,上地产业园/西三旗 · 北京309医院附近,“服务贴心”
北京丽维赛德酒店,¥633起,4.6,好,总部基地/丰台/南宫 · 近北京园博园,“环境舒适”
格林豪泰(北京南四环新发地商务店),¥266起,4.6,好,总部基地/丰台/南宫 · 近新发地长途客运站,“环境舒适”
桔子酒店(北京园博园杜家坎店),¥411起,4.9,超棒,总部基地/丰台/南宫 · 近北京市丰台区长辛店镇人民代表大会,“环境舒适”
西藏大厦,¥604起,4.5,不错,距市中心直线8.6公里 · 亚运村/奥体中心,“房间整洁”
北京新疆大厦嘉宾楼,¥594起,4.6,好,距市中心直线7.4公里 · 西直门/北京展览馆,“早餐很赞”
北京望京华彩智选假日酒店,¥862起,4.5,不错,望京/酒仙桥/798 · 望京地铁站C口附近,“早餐很赞”
北京西西里度假庄园,¥719起,4.6,好,香山/八大处 · 中间剧场附近,“环境很好”
格林豪泰(北京俸伯地铁站店),¥183起,4.7,很好,顺义温泉区 · 俸伯地铁站B口附近,“客房干净”
北京金泰丽湾公寓,¥498起,4.7,很好,距市中心直线7.6公里 · 北京西站/丽泽商务区,“卫生间宽敞”
希岸酒店(北京长阳地铁站店),¥298起,4.8,棒,房山景区 · 近长阳路,“出行方便”
7天连锁酒店(北京沙河地铁站店),¥232起,4.7,很好,沙河大学城/上庄 · 靠近北京科技经营管理学院沙河新校区,“房间干净”
桔子酒店(北京望京店),¥493起,4.7,很好,望京/酒仙桥/798 · 望京西地铁站C口附近,“服务贴心”
北京太姥山国际商务酒店,¥412起,4.3分,“位置优越”,距市中心直线1.7公里 · 北京站/建国门,共696条评论
北京翔达国际商务酒店,¥533起,4.4分,“酒店洁净”,距市中心直线4.5公里 · 西单/金融街,共1558条评论
北京世纪黄山酒店,¥236起,4.5,不错,距市中心直线3.2公里 · 前门/天坛公园/崇文门,“环境舒适”
格林豪泰(北京市次渠地铁站店),¥209起,4.6,好,亦庄 · 靠近百尚购物广场,“卫生间整洁”
格林豪泰(北京耿庄友谊医院店),¥196起,4.7,很好,果园环岛/通州 · 近苏坨村,“卫生间整洁”
全季酒店(北京大兴国际机场店),¥450起,4.6,好,大兴机场 · 近北京野生动物园-售票处,“房间干净”
希岸·轻雅酒店(北京欢乐谷王四营桥店),¥188起,4.4分,“前台服务贴心”,欢乐谷 · 工业技师学院附近,共1273条评论
北京世纪星豪酒店,¥324起,4.3分,“环境舒适”,中关村/五道口 · 世纪金源商务中心附近,共2333条评论
北京浦金凯航国际酒店,¥640起,4.6,好,总部基地/丰台/南宫 · 近云岗西路,“环境舒适”
全季酒店(北京首都机场店),¥450起,4.6,好,首都机场/新国展 · 天竺花园附近,“机场近”
北京丽景湾国际酒店,¥678起,4.7,很好,距市中心直线7.6公里 · 国贸CBD,“酒店洁净”
北京瀚金佰九号温泉国际酒店,¥227起,4.3分,“方便停车”,距市中心直线7.6公里 · 国贸CBD,共222条评论
北京上地CitiGO欢阁酒店,¥567起,4.7,很好,上地产业园/西三旗 · 北京体育大学西门附近,“房间干净”
海友酒店(北京崇文门地铁站店),¥244起,4.5,不错,距市中心直线1.0公里 · 北京站/建国门,“房间干净”
布丁酒店(北京花乡桥新天坛医院店),¥121起,4.2分,“客房干净”,总部基地/丰台/南宫 · 北京天坛医院新院区附近,共559条评论
北京豪庭国际酒店,¥500起,4.5,不错,距市中心直线9.3公里 · 国贸CBD,“早餐很赞”
北京世纪华天大酒店,¥558起,4.6,好,中关村/五道口 · 金源时代商务中心附近,“早餐很赞”
北京远帆酒店,¥207起,4.4分,“服务贴心”,传媒大学/管庄 · 近龙湖长楹天街,共413条评论
运7酒店(北京馨洁园店),¥187起,4.6,好,国贸CBD · 靠近财满街,“性价比高”
7天连锁酒店(北京来广营店),¥243起,4.4分,“方便停车”,亚运村/奥体中心 · 来广营乡政府附近,共605条评论
喆啡酒店(北京大兴黄村枣园地铁站店),¥283起,4.9,超棒,大兴机场 · 近枣园(地铁站),“服务周到”
速8酒店(北京右安门外大街店),¥202起,4.4分,“环境舒适”,距市中心直线6.5公里 · 永定门/南站/大红门/南苑,共1274条评论
秋果智选酒店(北京丽泽金融商务区店),¥416起,4.7,很好,北京西站/丽泽商务区 · 丽泽中学附近,“服务贴心”
北京唯实酒店(唯实国际文化交流中心),¥778起,4.7,很好,距市中心直线9.2公里 · 中关村/五道口,“服务贴心”
秋果酒店(北京三里屯国展店),¥609起,4.8,棒,距市中心直线4.3公里 · 三里屯/工体/东直门,“服务贴心”
富驿时尚酒店(北京中关村店),¥342起,4.4分,“环境舒适”,中关村/五道口 · 紧挨中关村图书大厦,共967条评论
北京金海湾酒店,¥425起,4.4分,“出行方便”,亚运村/奥体中心 · 兰华国际大厦附近,共409条评论
北京银保建国酒店,¥469起,4.6,好,香山/八大处 · 京汉大厦附近,“全新酒店”
桔子水晶北京南站酒店,¥479起,4.8,棒,距市中心直线5.8公里 · 永定门/南站/大红门/南苑,“服务贴心”
北京江西大酒店,¥578起,4.5,不错,距市中心直线6.3公里 · 劲松/潘家园,“床品洁净”
北京首都机场希尔顿酒店,¥798起,4.7,很好,首都机场/新国展 · 近首都国际机场T3航站楼,“机场近”
桔子酒店(北京黄村西大街地铁站店),¥343起,4.9,超棒,大兴机场 · 近黄村西大街(地铁站),“方便停车”
北京华尔顿酒店,¥282起,4.2分,“环境舒适”,距市中心直线7.9公里 · 北京西站/丽泽商务区,共2038条评论
IU酒店(北京北七家店),¥286起,4.5,不错,回龙观/天通苑 · 北七家镇附近,“服务周到”
北京世纪金源大饭店,¥697起,4.5,不错,西直门/北京展览馆 · 北京市农林科学院附近,“酒店宽敞”
北京万方苑国际酒店,¥525起,4.7,很好,距市中心直线6.8公里 · 永定门/南站/大红门/南苑,“房间整洁”
北京海淀雅乐轩酒店,¥566起,4.5,不错,中关村/五道口 · 世纪金源商务中心附近,“环境舒适”
秋果酒店(北京立水桥地铁站店),¥609起,4.9,超棒,回龙观/天通苑 · 近北京北,“服务贴心”
希岸·轻雅酒店(北京顺义地铁站店),¥237起,4.6,好,顺义温泉区 · 顺义地铁站A口附近,“房间干净”
北京金铂麟酒店,¥430起,4.4分,“环境舒适”,中关村/五道口 · 金源时代商务中心附近,共768条评论
北京彩虹酒店,¥142起,4.5,不错,公主坟/五棵松/石景山游乐园 · 朝阳医院京西院区附近,“餐食丰富”
秋果酒店(北京望京798艺术区店),¥434起,4.8,棒,望京/酒仙桥/798 · 望京国际商业中心附近,“服务贴心”
速8酒店(北京南苑和义地铁站店),¥170起,4.4分,“卫生间整洁”,永定门/南站/大红门/南苑 · 近三营门,共188条评论
北京圣厚源酒店,¥623起,4.3分,“古色古香”,距市中心直线9.3公里 · 国贸CBD,共86条评论
北京可丽亚宾馆,¥247起,4.1分,“客房干净”,距市中心直线6.3公里 · 燕莎/朝阳公园,共964条评论
北京辽宁大厦,¥843起,4.5,不错,中关村/五道口 · 靠近财智国际大厦,“环境舒适”
北京首科商务酒店,¥189起,4.4分,“服务贴心”,距市中心直线8.7公里 · 北京西站/丽泽商务区,共733条评论
北京永兴花园饭店,¥559起,4.7,很好,公主坟/五棵松/石景山游乐园 · 靠近北京肿瘤医院,“酒店洁净”
北京奥加美术馆酒店,¥386起,4.4分,“位置优越”,距市中心直线4.4公里 · 三里屯/工体/东直门,共878条评论
北京护国寺宾馆,¥372起,4.4分,“房间干净”,距市中心直线4.4公里 · 后海/南锣鼓巷,共655条评论
北京湖北大厦,¥653起,4.5,不错,距市中心直线8.6公里 · 西直门/北京展览馆,“房间整洁”
格林豪泰(北京云岗路店),¥299起,4.8,棒,总部基地/丰台/南宫 · 靠近航天七三一医院,“客房干净”
北京玫瑰温泉酒店,¥505起,4.4分,“环境舒适”,小汤山温泉区 · 北京服装学院北校区附近,共1120条评论
北京饭店诺金,¥899起,4.5,不错,距市中心直线358米 · 天安门/王府井,“位置优越”
喆啡酒店(北京马驹桥联东U谷店),¥246起,4.8,棒,亦庄 · 近润生大厦,“卫生间整洁”
北京华泰饭店,¥248起,4.3分,“性价比高”,距市中心直线5.1公里 · 劲松/潘家园,共1185条评论
北京天泰宾馆,¥667起,4.6,好,距市中心直线5.4公里 · 北京西站/丽泽商务区,“环境舒适”
汉庭酒店(北京黄村金星桥店),¥235起,4.7,很好,大兴机场 · 枣园地铁站D口附近,“环境舒适”
北京亦庄荣京西街亚朵酒店,¥579起,4.7,很好,亦庄 · 近北京经济技术开发区,“水果新鲜”
北京辰茂南粤苑酒店,¥385起,4.7,很好,距市中心直线9.4公里 · 总部基地/丰台/南宫,“房间整洁”
希岸·轻雅酒店(北京俸伯地铁站店),¥216起,4.8,棒,顺义温泉区 · 俸伯地铁站B口附近,“环境舒适”
厦门栖隐度假民宿,¥142起,4.9,超棒,距市中心直线6.0公里 · 厦门大学地区,“房间干净”
厦门京僎酒店,¥333起,4.7,很好,距市中心直线2.0公里 · 厦门火车站地区,“早餐丰富”
厦门瑞颐大酒店,¥751起,4.6,好,距市中心直线4.4公里 · 中山路地区,“房间整洁”
厦门吾林·悦舍客栈,¥123起,4.9,超棒,距市中心直线7.2公里 · 曾厝垵地区,“房间干净”
厦门不二beffer me轻奢驿站,¥114起,4.8,棒,距市中心直线6.7公里 · 高崎机场地区,“客房干净”
厦门映雪轻奢酒店,¥199起,4.9,超棒,距市中心直线3.6公里 · 中山路地区,“客房干净”
厦门初见Amoy设计民宿,¥214起,4.9,超棒,距市中心直线6.0公里 · 厦门大学地区,“房间干净”
厦门世茂凡象酒店,¥412起,4.7,很好,距市中心直线317米 · 白鹭洲商圈,“服务贴心”
厦门鹭岛别苑,¥115起,4.9,超棒,距市中心直线7.2公里 · 曾厝垵地区,“房间干净”
厦门源昌凯宾斯基大酒店,¥769起,4.7,很好,距市中心直线1.6公里 · 白鹭洲商圈,“房间整洁”
艾思顿酒店(厦门中山路美湖分店),¥171起,4.7,很好,距市中心直线2.2公里 · 中山路地区,“环境舒适”
艾思顿酒店(厦门机场店),¥315起,4.7,很好,距市中心直线4.5公里 · SM城市广场地区,“客房干净”
厦门行云海景美宿,¥154起,4.9,超棒,距市中心直线7.4公里 · 曾厝垵地区,“卫生间整洁”
厦门鲸滟奢享民宿,¥201起,4.7,很好,距市中心直线7.7公里 · 环岛路商圈,“拍照好看”
厦门泰谷酒店,¥230起,4.6,好,距市中心直线4.4公里 · 中山路地区,“位置优越”
厦门佰翔五通酒店,¥811起,4.8,棒,五缘湾地区 · 近厦门国贸商务中心,“早餐丰富”
鼓浪屿杨家园酒店,¥237起,4.7,很好,距市中心直线5.2公里 · 鼓浪屿地区,“客房干净”
厦门青汐·一席海景美宿,¥97起,4.9,超棒,距市中心直线7.4公里 · 曾厝垵地区,“房间干净”
厦门栖岸风情海景客栈,¥142起,4.8,棒,距市中心直线7.9公里 · 环岛路商圈,“房间干净”
如家酒店·neo(厦门体育中心槟榔路湖景店),¥207起,4.6,好,距市中心直线1.9公里 · 厦门火车站地区,“服务态度热情”
厦门杏宿海景度假民宿,¥116起,4.9,超棒,距市中心直线7.3公里 · 曾厝垵地区,“房间干净”
厦门华夏丽呈酒店,¥358起,4.7,很好,距市中心直线2.7公里 · 厦门火车站地区,“服务贴心”
蓝山越酒店(厦门SM城市广场店),¥403起,4.8,棒,距市中心直线2.5公里 · 湖里商圈,“服务贴心”
鼓浪屿李家庄酒店,¥1089起,4.8,棒,距市中心直线5.5公里 · 鼓浪屿地区,“服务贴心”
青年阳光S酒店(厦门SM广场店),¥249起,4.7,很好,距市中心直线1.9公里 · SM城市广场地区,“客房干净”
璞隐酒店(厦门嘉禾路莲花路口地铁站店),¥348起,4.7,很好,距市中心直线2.8公里 · 厦门火车站地区,“吃的不错”
厦门罗约海滨温泉酒店,¥598起,4.6,好,距市中心直线8.7公里 · 集美学村商圈,“环境舒适”
厦门万佳东方酒店,¥184起,4.5,不错,距市中心直线3.6公里 · 中山路地区,“性价比高”
复境酒店(鼓浪屿安海店),¥454起,4.8,棒,距市中心直线5.3公里 · 鼓浪屿地区,“服务贴心”
7天优品酒店(厦门机场店),¥188起,4.5,不错,距市中心直线7.2公里 · 五缘湾地区,“卫生间整洁”
如家酒店·neo(厦门火车站文灶店),¥189起,4.7,很好,距市中心直线2.7公里 · 中山路地区,“客房干净”
厦门双子塔影里公寓,¥520起,4.9,超棒,距市中心直线5.7公里 · 厦门大学地区,“房间干净”
莫泰268(厦门火车站店),¥130起,4.4分,“卫生间整洁”,距市中心直线2.6公里 · 厦门火车站地区,共2911条评论
厦门鹭岛·云栖民宿,¥130起,4.9,超棒,距市中心直线6.0公里 · 厦门大学地区,“房间干净”
如家酒店·neo(厦门集美杏林西路店),¥180起,4.6,好,集美学村商圈 · 近杏林,“卫生间整洁”
金凯酒店(厦门吕厝地铁站店),¥139起,4.7,很好,距市中心直线3.5公里 · 厦门火车站地区,“出行方便”
庭苑酒店(厦门莲花路口地铁站店),¥202起,4.8,棒,距市中心直线2.9公里 · 厦门火车站地区,“日式风格”
厦门禹洲温德姆至尊豪廷大酒店,¥610起,4.8,棒,距市中心直线9.6公里 · 五缘湾地区,“服务贴心”
夏商怡翔酒店(厦门湖景店),¥294起,4.7,很好,距市中心直线2.4公里 · 中山路地区,“早餐丰富”
如家酒店·neo(厦门火车站万象城湖滨东路地铁站店),¥157起,4.1分,“邻近火车站”,距市中心直线2.5公里 · 厦门火车站地区,共1225条评论
锦江之星品尚(厦门国际机场店),¥283起,4.7,很好,距市中心直线5.7公里 · 高崎机场地区,“机场很近”
如家商旅酒店(厦门火车站文灶地铁站店),¥209起,4.7,很好,距市中心直线2.4公里 · 厦门火车站地区,“环境舒适”
桔子酒店(厦门中山路步行街店),¥321起,4.6,好,距市中心直线3.9公里 · 中山路地区,“位置优越”
全季酒店(厦门机场店),¥299起,4.6,好,距市中心直线5.0公里 · 高崎机场地区,“客房干净”
厦门旭尔皇酒店,¥201起,4.7,很好,距市中心直线3.1公里 · SM城市广场地区,“环境舒适”
怡程酒店(厦门中山路店),¥312起,4.7,很好,距市中心直线3.4公里 · 中山路地区,“房间干净”
厦门康雅酒店,¥140起,4.5,不错,距市中心直线2.6公里 · 厦门火车站地区,“卫生间整洁”
汉庭酒店(厦门体育中心店),¥216起,4.9,超棒,距市中心直线531米 · 白鹭洲商圈,“服务贴心”
7天优品酒店(厦门机场殿前店),¥135起,4.6,好,距市中心直线4.7公里 · 高崎机场地区,“房间干净”
厦门悠漫精品酒店,¥159起,4.5,不错,距市中心直线2.1公里 · 厦门火车站地区,“出行方便”
青年阳光S酒店(厦门海天步行街店),¥173起,4.7,很好,距市中心直线2.0公里 · 湖里商圈,“客房干净”
美豪丽致酒店(厦门中山路步行街店),¥437起,4.5,不错,距市中心直线3.9公里 · 中山路地区,“服务贴心”
宜必思尚品酒店(厦门中山路步行街店),¥264起,4.8,棒,距市中心直线3.8公里 · 中山路地区,“服务贴心”
厦门磐基希尔顿酒店,¥697起,4.6,好,距市中心直线2.6公里 · 厦门火车站地区,“酒店洁净”
厦门康莱德酒店,¥1468起,4.7,很好,距市中心直线5.6公里 · 厦门大学地区,“服务贴心”
厦门潘多拉海景酒店公寓,¥454起,4.6,好,距市中心直线5.6公里 · 厦门大学地区,“环境舒适”
鼓浪屿瑞芙酒店,¥327起,4.8,棒,距市中心直线5.5公里 · 鼓浪屿地区,“卫生间整洁”
厦门佳逸希尔顿格芮精选酒店,¥815起,4.7,很好,距市中心直线6.8公里 · 厦门大学地区,“服务贴心”
厦门蓝色海岸酒店,¥160起,4.5,不错,距市中心直线4.6公里 · 厦门火车站地区,“适合商务出行”
麗枫酒店(厦门机场五缘湾地铁站店),¥399起,4.7,很好,距市中心直线8.5公里 · 五缘湾地区,“服务贴心”
有戏电影酒店(厦门火车站店),¥183起,4.5,不错,距市中心直线1.3公里 · 厦门火车站地区,“卫生间整洁”
厦门安达仕酒店,¥1516起,4.6,好,距市中心直线2.2公里 · 厦门火车站地区,“南洋风格”
柏曼酒店(厦门火车站万象城店),¥137起,4.4分,“客房干净”,距市中心直线1.8公里 · 白鹭洲商圈,共430条评论
全季酒店(厦门中山路步行街店),¥274起,4.8,棒,距市中心直线3.8公里 · 中山路地区,“服务贴心”
汉庭优佳酒店(厦门SM广场松柏店),¥236起,4.5,不错,距市中心直线2.1公里 · SM城市广场地区,“卫生间整洁”
如家商旅酒店(厦门中山路步行街店),¥368起,4.8,棒,距市中心直线4.0公里 · 中山路地区,“服务贴心”
家和春天精品酒店(厦门高崎机场店),¥186起,4.7,很好,距市中心直线6.0公里 · 五缘湾地区,“床温馨”
7天优品酒店(厦门中山路步行街店),¥122起,4.5,不错,距市中心直线4.0公里 · 中山路地区,“房间干净”
厦门枫和源酒店,¥164起,4.5,不错,距市中心直线304米 · SM城市广场地区,“性价比高”
厦门机场五缘湾亚朵酒店,¥544起,4.9,超棒,距市中心直线8.5公里 · 五缘湾地区,“服务贴心”
如家酒店·neo(厦门劳动力大厦莲花地铁站店),¥183起,4.6,好,距市中心直线2.6公里 · 厦门火车站地区,“客房干净”
厦门翔鹭国际大酒店,¥299起,4.5,不错,距市中心直线4.1公里 · 湖里商圈,“酒店宽敞”
厦门印象海湾度假别墅,¥127起,4.9,超棒,距市中心直线7.4公里 · 曾厝垵地区,“卫生间整洁”
厦门爱尚优驿酒店,¥137起,4.6,好,距市中心直线4.0公里 · 中山路地区,“客房干净”
锦江之星(厦门杏林店),¥179起,4.8,棒,距市中心直线10.0公里 · 集美学村商圈,“方便停车”
厦门滨北颐豪酒店,¥394起,4.8,棒,距市中心直线1.5公里 · 白鹭洲商圈,“服务贴心”
厦门宸洲海景洲际酒店,¥707起,4.7,很好,距市中心直线9.4公里 · 环岛路商圈,“早餐丰富”
厦门中心智选假日酒店,¥319起,4.5,不错,距市中心直线1.7公里 · 白鹭洲商圈,“码头很近”
山海墅海景别墅酒店(厦门会展中心环岛路店),¥218起,4.9,超棒,距市中心直线8.5公里 · 环岛路商圈,“服务周到”
君巍·驿亭墅(厦门会展中心海景店),¥312起,4.8,棒,距市中心直线8.1公里 · 环岛路商圈,“环境舒适”
厦门NOA诺亚酒店,¥602起,4.8,棒,距市中心直线1.9公里 · SM城市广场地区,“设计感强”
厦门威斯汀酒店,¥676起,4.6,好,距市中心直线1.8公里 · SM城市广场地区,“房间整洁”
厦门天鹅大酒店,¥321起,4.6,好,距市中心直线1.3公里 · 白鹭洲商圈,“酒店洁净”
如家酒店(厦门机场马垅店),¥179起,4.6,好,距市中心直线4.0公里 · 湖里商圈,“卫生间整洁”
厦门颐璟花园酒店,¥168起,4.7,很好,距市中心直线2.8公里 · 中山路地区,“环境舒适”
厦门美仑金悦酒店,¥225起,4.5,不错,距市中心直线2.1公里 · 中山路地区,“早餐很赞”
如家商旅酒店(厦门湖滨南路白鹭洲公园店),¥298起,4.7,很好,距市中心直线2.0公里 · 中山路地区,“环境舒适”
星程酒店(厦门会展中心蔡塘广场店),¥205起,4.5,不错,距市中心直线6.3公里 · 五缘湾地区,“客房干净”
全季酒店(厦门中山路湖滨西路店),¥249起,4.8,棒,距市中心直线3.2公里 · 中山路地区,“服务贴心”
全季酒店(厦门明发广场店),¥299起,4.7,很好,距市中心直线2.7公里 · 厦门火车站地区,“服务贴心”
如家酒店·neo(厦门中山路第一码头店),¥180起,4.5,不错,距市中心直线3.3公里 · 中山路地区,“房间干净”
全季酒店(厦门市政府店),¥308起,4.7,很好,距市中心直线544米 · 白鹭洲商圈,“服务贴心”
希岸酒店(厦门火车站店),¥291起,4.7,很好,距市中心直线2.9公里 · 厦门火车站地区,“环境舒适”
如家酒店·neo(厦门机场SM城市广场台湾街店),¥200起,4.7,很好,距市中心直线4.0公里 · SM城市广场地区,“环境舒适”
厦门莲坂明发广场亚朵酒店,¥413起,4.8,棒,距市中心直线2.7公里 · 厦门火车站地区,“早餐丰富”
星程酒店(厦门中山路店),¥175起,4.6,好,距市中心直线2.6公里 · 中山路地区,“服务贴心”
汉庭酒店(厦门万象城店),¥293起,4.6,好,距市中心直线2.2公里 · 厦门火车站地区,“卫生间整洁”
白玉兰酒店(厦门大学世茂海峡大厦店),¥179起,4.5,不错,距市中心直线5.0公里 · 厦门大学地区,“服务贴心”
厦门云汐朴舍客栈,¥108起,4.5,不错,距市中心直线5.9公里 · 高崎机场地区,“体验很棒”
汉庭酒店(厦门中山路步行街店),¥180起,4.4分,“卫生间整洁”,距市中心直线3.4公里 · 中山路地区,共932条评论
心远尚品酒店(厦门集美学村店),¥193起,4.7,很好,集美学村商圈 · 厦门市第二医院附近,“环境舒适”
厦门山水丽景大酒店,¥321起,4.4分,“环境舒适”,距市中心直线3.7公里 · SM城市广场地区,共1110条评论
厦门朗豪酒店,¥609起,4.6,好,距市中心直线8.7公里 · 五缘湾地区,“服务贴心”
7天连锁酒店(厦门台湾街店),¥141起,4.5,不错,距市中心直线3.9公里 · SM城市广场地区,“房间干净”
如家酒店(厦门会展中心莲前西路店),¥135起,4.5,不错,距市中心直线5.2公里 · 环岛路商圈,“环境舒适”
厦门五缘湾凯悦酒店,¥588起,4.7,很好,距市中心直线7.4公里 · 五缘湾地区,“服务贴心”
伊禾酒店(厦门中山路步行街店),¥161起,4.6,好,距市中心直线3.6公里 · 中山路地区,“环境舒适”
汉庭酒店(厦门大学店),¥215起,4.6,好,距市中心直线4.7公里 · 厦门大学地区,“位置优越”
7天连锁酒店(厦门火车站金榜路万象城店),¥155起,4.4分,“性价比高”,距市中心直线2.1公里 · 厦门火车站地区,共520条评论
厦门三个厦大人HiAir民宿,¥145起,4.7,很好,距市中心直线6.9公里 · 曾厝垵地区,“拍照好看”
厦门会展中心海景别墅亚朵酒店,¥545起,4.7,很好,距市中心直线8.4公里 · 环岛路商圈,“服务贴心”
7天优品酒店(厦门大学镇海路地铁站店),¥135起,4.5,不错,距市中心直线4.6公里 · 中山路地区,“性价比高”
厦门东辰酒店,¥368起,4.6,好,距市中心直线2.7公里 · 厦门火车站地区,“性价比高”
厦门厦鼓码头美沁酒店,¥191起,4.7,很好,距市中心直线1.7公里 · 湖里商圈,“性价比高”
全季酒店(厦门机场区政府店),¥308起,4.8,棒,距市中心直线5.6公里 · SM城市广场地区,“早餐很赞”
厦门厦鼓邮轮中心亚朵酒店,¥394起,4.7,很好,距市中心直线1.7公里 · 白鹭洲商圈,“服务贴心”
厦门心远电竞酒店,¥452起,4.8,棒,距市中心直线2.2公里 · 中山路地区,“环境舒适”
厦门华美希悦酒店,¥182起,4.7,很好,距市中心直线3.1公里 · 湖里商圈,“性价比高”
青年阳光S酒店(厦门中山路轮渡店),¥252起,4.7,很好,距市中心直线2.6公里 · 中山路地区,“服务贴心”
怡海阁酒店(厦门中山路步行街店),¥152起,4.7,很好,距市中心直线3.7公里 · 中山路地区,“房间干净”
厦门特房波特曼七星湾酒店,¥1068起,4.6,好,近阳光城翡丽海岸,“服务贴心”
厦门旅宿云舒设计美墅,¥96起,4.9,超棒,距市中心直线5.9公里 · 厦门大学地区,“服务周到”
厦门美仑皓晖酒店,¥228起,4.5,不错,距市中心直线2.5公里 · 厦门火车站地区,“早餐很赞”
全季酒店(厦门机场湖里大道店),¥324起,4.8,棒,距市中心直线3.0公里 · 湖里商圈,“床品舒适”
厦门杏林湾大酒店,¥380起,4.6,好,距市中心直线8.6公里 · 集美学村商圈,“环境舒适”
厦门暖暖青年旅舍,¥45起,4.9,超棒,距市中心直线4.2公里 · 中山路地区,“卫生间整洁”
厦门环岛南路亚朵海景酒店,¥436起,4.8,棒,距市中心直线7.6公里 · 环岛路商圈,“服务贴心”
厦门三个厦大人kiwi民宿,¥123起,4.7,很好,距市中心直线7.0公里 · 曾厝垵地区,“服务贴心”
鼓浪屿季茉山丘别墅,¥588起,4.9,超棒,距市中心直线5.6公里 · 鼓浪屿地区,“服务贴心”
麗枫酒店(厦门中山路步行街镇海路地铁站店),¥268起,4.6,好,距市中心直线3.8公里 · 中山路地区,“卫生间整洁”
全季酒店(厦门火车站店),¥291起,4.7,很好,距市中心直线2.4公里 · 厦门火车站地区,“客房干净”
厦门梅园酒店,¥294起,4.5,不错,距市中心直线6.7公里 · 厦门火车站地区,“环境舒适”
厦门临港智选假日酒店,¥383起,4.6,好,距市中心直线7.8公里 · 高崎机场地区,“早餐很赞”
麗枫酒店(厦门会展中心观音山地铁站店),¥292起,4.5,不错,距市中心直线9.9公里 · 环岛路商圈,“环境舒适”
全季酒店(厦门中山路步行街思明南路店),¥332起,4.8,棒,距市中心直线4.0公里 · 中山路地区,“床品舒适”
如家酒店·neo(厦门火车站店),¥188起,4.4分,“火车站很近”,距市中心直线2.6公里 · 厦门火车站地区,共651条评论
夏商怡翔酒店(厦门中山路新语店),¥368起,4.8,棒,距市中心直线2.2公里 · 中山路地区,“服务贴心”
速8酒店(厦门火车站店),¥135起,4.4分,“火车站很近”,距市中心直线2.6公里 · 厦门火车站地区,共880条评论
格菲酒店(厦门大学环岛路店),¥265起,4.7,很好,距市中心直线5.5公里 · 厦门大学地区,“服务贴心”
厦门莫奈花园酒店,¥177起,4.7,很好,距市中心直线8.4公里 · 环岛路商圈,“拍照好看”
鼓浪屿温莎公馆,¥189起,4.8,棒,距市中心直线4.9公里 · 鼓浪屿地区,“码头很近”
厦门东南亚大酒店,¥301起,4.5,不错,距市中心直线2.8公里 · 厦门火车站地区,“房间整洁”
汉庭优佳酒店(厦门机场台湾街店),¥222起,4.6,好,距市中心直线3.9公里 · SM城市广场地区,“服务贴心”
佳橙酒店(厦门火车站店),¥131起,4.5,不错,距市中心直线2.0公里 · 厦门火车站地区,“民族特色”
厦门三仓酒店,¥124起,4.7,很好,距市中心直线6.8公里 · 海沧阿罗海城市广场商圈,“环境舒适”
格雷斯精选酒店(厦门马銮湾城市广场店),¥355起,4.8,棒,距市中心直线9.9公里 · 新阳工业区,“服务贴心”
厦门香格里拉大酒店,¥1116起,4.6,好,环岛路商圈 · 近观音山,“早餐丰富”
886精品酒店(厦门海沧区政府店),¥175起,4.2分,“环境舒适”,距市中心直线6.9公里 · 海沧阿罗海城市广场商圈,共954条评论
厦门铂曼海景酒店,¥233起,4.6,好,距市中心直线4.0公里 · 中山路地区,“海景相伴”
厦门悦华酒店,¥427起,4.7,很好,距市中心直线3.5公里 · 湖里商圈,“酒店宽敞”
夏商·怡庭商务酒店(厦门火车站禾祥店),¥179起,4.5,不错,距市中心直线2.1公里 · 厦门火车站地区,“床品舒适”
厦门华尔道夫酒店,¥1502起,4.6,好,距市中心直线3.3公里 · 厦门火车站地区,“服务周到”
美豪酒店(厦门火车站万象城店),¥270起,4.6,好,距市中心直线2.9公里 · 厦门火车站地区,“服务贴心”
全季酒店(厦门SM广场成功大道店),¥299起,4.7,很好,距市中心直线4.7公里 · SM城市广场地区,“客房干净”
厦门DORY朵云民宿,¥306起,4.3分,“拍照好看”,距市中心直线6.2公里 · 厦门大学地区,共182条评论
梦想家酒店(厦门SM城市广场店),¥160起,4.6,好,距市中心直线3.3公里 · SM城市广场地区,“客房干净”
如家商旅酒店(厦门会展中心加州商业广场店),¥282起,4.8,棒,距市中心直线6.5公里 · 环岛路商圈,“客房干净”
汉庭酒店(厦门市政府店),¥195起,4.6,好,距市中心直线2.6公里 · 中山路地区,“性价比很高”
全季酒店(厦门大学店),¥249起,4.6,好,距市中心直线5.0公里 · 厦门大学地区,“服务贴心”
非繁城品酒店(厦门北站集美大学店),¥203起,4.8,棒,集美学村商圈 · 靠近厦门市第二医院门诊,“性价比高”
厦门海沧正元希尔顿逸林酒店,¥583起,4.6,好,距市中心直线6.5公里 · 海沧阿罗海城市广场商圈,“房间整洁”
如家商旅酒店(厦门会展中心观音山海景店),¥350起,4.8,棒,环岛路商圈 · 近观音山,“卫生间整洁”
厦门悦庭酒店,¥121起,4.2分,“性价比高”,距市中心直线274米 · 白鹭洲商圈,共101条评论
如家精选酒店(厦门莲坂明发商业广场店),¥271起,4.7,很好,距市中心直线2.7公里 · 厦门火车站地区,“服务贴心”
厦门壹叁曼巴酒店,¥166起,4.8,棒,距市中心直线3.3公里 · SM城市广场地区,“客房干净”
汉庭酒店(厦门海沧新阳店),¥283起,4.6,好,新阳工业区 · 近新垵村,“环境很好”
厦门讴印庭院酒店,¥168起,4.7,很好,距市中心直线3.1公里 · 白鹭洲商圈,“环境舒适”
全季酒店(厦门SM广场松柏店),¥332起,4.8,棒,距市中心直线2.7公里 · SM城市广场地区,“床品舒适”
如家酒店·neo(厦门体育中心人才市场店),¥197起,4.4分,“客房干净”,距市中心直线758米 · 白鹭洲商圈,共440条评论
厦门维斯度假酒店(SM城市广场高崎国际机场店),¥178起,4.7,很好,距市中心直线5.2公里 · SM城市广场地区,“环境舒适”
和颐酒店(厦门中山路海景店),¥335起,4.6,好,距市中心直线4.2公里 · 中山路地区,“位置优越”
厦门阿米塔秘境民宿,¥1678起,4.7,很好,距市中心直线7.5公里 · 环岛路商圈,“拍照好看”
宜必思酒店(厦门火车站酒店),¥202起,4.6,好,距市中心直线2.6公里 · 厦门火车站地区,“服务贴心”
厦门中山海滨酒店,¥247起,4.4分,“位置优越”,距市中心直线4.2公里 · 中山路地区,共374条评论
厦门万豪酒店及会议中心,¥779起,4.6,好,近阳光城翡丽海岸,“适合孩子”
厦门唯诚酒店,¥150起,4.6,好,距市中心直线3.8公里 · 厦门火车站地区,“环境舒适”
厦门集美湖商务中心亚朵酒店,¥459起,4.7,很好,集美学村商圈 · 近中国科学院城市环境研究所,“早餐丰富”
厦门艾美酒店,¥460起,4.6,好,距市中心直线1.6公里 · 湖里商圈,“环境干净舒适”
外岛城市酒店(厦门机场成功大道店),¥302起,4.6,好,距市中心直线4.7公里 · SM城市广场地区,“环境舒适”
厦门悦好酒店,¥135起,4.6,好,距市中心直线2.1公里 · 中山路地区,“环境舒适”
如家酒店(厦门中山路步行街店),¥162起,4.4分,“位置优越”,距市中心直线3.5公里 · 中山路地区,共1549条评论
厦门喜来登酒店,¥569起,4.5,不错,距市中心直线3.5公里 · SM城市广场地区,“酒店洁净”
怡莱酒店(厦门万象城体育中心店),¥147起,4.3分,“态度非常好”,距市中心直线1.7公里 · 厦门火车站地区,共74条评论
厦门金后酒店,¥185起,4.5,不错,距市中心直线3.5公里 · 中山路地区,“位置优越”
厦门爱丁堡The One无双民宿,¥307起,4.9,超棒,距市中心直线7.5公里 · 环岛路商圈,“环境舒适”
厦门大亿颐豪酒店,¥213起,4.6,好,距市中心直线4.2公里 · 湖里商圈,“环境舒适”
心远酒店(厦门集美大学店),¥135起,4.6,好,集美学村商圈 · 靠近厦门市第二医院,“环境舒适”
厦门七尚酒店,¥1798起,4.8,棒,距市中心直线10.0公里 · 五缘湾地区,“服务贴心”
柏曼酒店(厦门机场湖里大道店),¥459起,4.6,好,距市中心直线2.8公里 · 湖里商圈,“环境舒适”
你好厦门智能家庭旅馆(中山路店),¥162起,4.8,棒,距市中心直线3.9公里 · 中山路地区,“房间干净”
驿田酒店(厦门莲花路口地铁站店),¥246起,4.7,很好,距市中心直线3.2公里 · 厦门火车站地区,“服务贴心”
厦门泛太平洋大酒店,¥498起,4.6,好,距市中心直线1.6公里 · 白鹭洲商圈,“房间整洁”
如是酒店(厦门火车站店),¥252起,4.6,好,距市中心直线3.1公里 · 厦门火车站地区,“服务贴心”
途客中国酒店(厦门同安店),¥157起,4.6,好,厦门同安汽车站附近,“卫生间整洁”
厦门骏豪会酒店,¥498起,4.7,很好,距市中心直线3.2公里 · SM城市广场地区,“环境舒适”
全季酒店(厦门会展中心莲前东路店),¥349起,4.7,很好,距市中心直线6.8公里 · 环岛路商圈,“环境舒适”
厦门鹭江·佲家酒店,¥560起,4.6,好,距市中心直线6.6公里 · 环岛路商圈,“早餐丰富”
和颐酒店(厦门火车站明发商业广场店),¥313起,4.7,很好,距市中心直线3.0公里 · 厦门火车站地区,“服务贴心”
厦门海港英迪格酒店,¥659起,4.5,不错,距市中心直线4.3公里 · 中山路地区,“海景相伴”
厦门马哥孛罗东方大酒店,¥504起,4.4分,“房间整洁”,距市中心直线1.7公里 · 白鹭洲商圈,共1575条评论
如家派柏·云酒店(厦门火车站莲坂地铁站店),¥129起,4.1分,“性价比高”,距市中心直线2.8公里 · 厦门火车站地区,共355条评论
如家商旅酒店(厦门海沧区政府店),¥319起,4.9,超棒,距市中心直线5.3公里 · 海沧阿罗海城市广场商圈,“服务贴心”
市景轻尚酒店(厦门中山路轮渡店),¥164起,4.7,很好,距市中心直线3.6公里 · 中山路地区,“位置优越”
隐西.西居民宿(厦门大学店),¥126起,4.8,棒,距市中心直线6.0公里 · 厦门大学地区,“房间干净”
汉庭酒店(厦门明发广场店),¥182起,4.7,很好,距市中心直线4.2公里 · 厦门火车站地区,“服务贴心”
陆岛之星酒店(厦门会展店),¥221起,4.4分,“早餐丰盛”,距市中心直线9.3公里 · 环岛路商圈,共1039条评论
厦门大唐景澜酒店,¥575起,4.9,超棒,距市中心直线9.5公里 · 环岛路商圈,“服务贴心”
晒途酒店(厦门会展中心店),¥254起,4.6,好,距市中心直线7.5公里 · 厦门火车站地区,“服务贴心”
鼓浪屿笔山公馆,¥249起,4.7,很好,距市中心直线5.4公里 · 鼓浪屿地区,“客房干净”
汉庭优佳酒店(厦门湖里大道自贸区店),¥172起,4.5,不错,距市中心直线2.5公里 · 湖里商圈,“服务热情”
厦门驿田品味酒店,¥224起,4.6,好,距市中心直线5.3公里 · 环岛路商圈,“环境舒适”
厦门翔安悦华酒店,¥448起,4.8,棒,近火炬高新区,“服务周到”
君豪酒店(厦门机场店),¥240起,4.5,不错,距市中心直线3.2公里 · 湖里商圈,“环境舒适”
厦门海沧融信华邑酒店,¥652起,4.7,很好,距市中心直线3.8公里 · 海沧阿罗海城市广场商圈,“酒店洁净”
如家酒店(厦门仙岳路江头店),¥172起,4.5,不错,距市中心直线5.2公里 · SM城市广场地区,“服务贴心”
厦门长城宾馆,¥243起,4.4分,“方便停车”,距市中心直线2.0公里 · 厦门火车站地区,共325条评论
厦门有猫民宿,¥175起,4.9,超棒,距市中心直线7.1公里 · 曾厝垵地区,“环境很好”
厦门嘉荫雅居酒店,¥221起,4.7,很好,距市中心直线4.0公里 · SM城市广场地区,“环境舒适”
厦门燕栖民宿,¥132起,4.8,棒,距市中心直线7.4公里 · 环岛路商圈,“露天泳池”
城市便捷酒店(厦门集美大学店),¥164起,4.6,好,集美学村商圈 · 厦门市第二医院附近,“客房干净”
贝多拉精品酒店(厦门海沧店),¥161起,4.7,很好,距市中心直线4.6公里 · 海沧阿罗海城市广场商圈,“位置优越”
维也纳酒店(厦门机场江头地铁站店),¥299起,4.7,很好,距市中心直线4.0公里 · 厦门火车站地区,“床品舒适”
如家商旅酒店(厦门大学中山路店),¥198起,4.6,好,距市中心直线4.8公里 · 厦门大学地区,“环境舒适”
厦门集美湖豪生大酒店,¥728起,4.8,棒,集美学村商圈 · 近星巢越中心,“服务贴心”
厦门山居秋阁民宿,¥124起,4.7,很好,距市中心直线5.7公里 · 厦门大学地区,“房间干净”
怡莱酒店(厦门大学沙坡尾店),¥185起,4.7,很好,距市中心直线5.5公里 · 厦门大学地区,“服务贴心”
唐代尔酒店(鼓浪屿码头店),¥177起,4.5,不错,距市中心直线1.6公里 · 白鹭洲商圈,“房间干净”
汉庭酒店(厦门机场店),¥215起,4.5,不错,距市中心直线4.7公里 · 高崎机场地区,“机场近”
鼓浪屿柏文熊度假酒店,¥302起,4.7,很好,距市中心直线5.1公里 · 鼓浪屿地区,“码头很近”
厦门不舍不忘别院,¥88起,4.8,棒,距市中心直线7.4公里 · 曾厝垵地区,“环境很好”
全季酒店(厦门中山路店),¥258起,4.7,很好,距市中心直线4.3公里 · 中山路地区,“客房干净”
格雅酒店(厦门明发广场莲坂地铁站店),¥340起,4.8,棒,距市中心直线2.6公里 · 厦门火车站地区,“客房干净”
全季酒店(厦门北站杏林湾路店),¥349起,4.7,很好,厦门北站 · 华侨大学厦门校区西门附近,“环境舒适”
全季酒店(厦门集美学村店),¥341起,4.7,很好,距市中心直线9.5公里 · 集美学村商圈,“客房干净”
厦门希阁花园酒店,¥347起,4.7,很好,距市中心直线2.8公里 · SM城市广场地区,“环境舒适”
汉庭酒店(厦门莲花路口地铁站店),¥206起,4.4分,“客房干净”,距市中心直线3.0公里 · 厦门火车站地区,共253条评论
全季酒店(厦门会展中心加州广场店),¥324起,4.8,棒,距市中心直线6.5公里 · 环岛路商圈,“服务贴心”
驿起酒店(厦门北站店),¥152起,4.5,不错,厦门北站 · 厦门华厦学院附近,“环境舒适”
派柏·云酒店(厦门会展中心高崎机场店),¥145起,4.4分,“性价比高”,距市中心直线6.6公里 · 五缘湾地区,共454条评论
厦门布洛居客栈,¥139起,4.8,棒,距市中心直线7.8公里 · 环岛路商圈,“环境很好”
永顺旅馆(鼓浪屿望海苑店),¥549起,4.4分,“海景相伴”,距市中心直线6.1公里 · 鼓浪屿地区,共211条评论
宜尚酒店(厦门机场火炬园地铁站店),¥315起,4.6,好,距市中心直线4.2公里 · 高崎机场地区,“环境舒适”
厦门海景千禧大酒店,¥490起,4.4分,“环境干净舒适”,距市中心直线4.1公里 · 中山路地区,共3200条评论
全季酒店(厦门海沧区政府店),¥374起,4.7,很好,距市中心直线5.3公里 · 海沧阿罗海城市广场商圈,“服务周到”
亚阁酒店(厦门SM城市广场店),¥203起,4.6,好,距市中心直线3.3公里 · SM城市广场地区,“环境舒适”
厦门集美嘉丽商务宾馆,¥132起,4.7,很好,距市中心直线10.0公里 · 集美学村商圈,“卫生间整洁”
如家酒店·neo(厦门会展中心环岛路店),¥256起,4.4分,“卫生间整洁”,距市中心直线8.5公里 · 环岛路商圈,共525条评论
厦门利锦酒店,¥88起,4.4分,“价格实惠”,距市中心直线2.3公里 · 厦门火车站地区,共98条评论
厦门春光酒店,¥277起,4.6,好,距市中心直线4.1公里 · 中山路地区,“位置优越”
厦门泰地万豪酒店,¥610起,4.6,好,距市中心直线5.2公里 · 海沧阿罗海城市广场商圈,“海景相伴”
厦门集美大学亚朵酒店,¥422起,4.8,棒,距市中心直线9.9公里 · 集美学村商圈,“服务贴心”
鼓浪屿南瓜楼别墅酒店,¥227起,4.8,棒,距市中心直线5.4公里 · 鼓浪屿地区,“位置优越”
厦门HITEL酒店,¥219起,4.6,好,距市中心直线3.1公里 · 湖里商圈,“拍照好看”
和颐酒店(厦门大学环岛路店),¥216起,4.5,不错,距市中心直线5.2公里 · 厦门大学地区,“位置优越”
维也纳3好酒店(厦门机场厦鼓码头店),¥249起,4.6,好,距市中心直线3.1公里 · 湖里商圈,“床品舒适”
厦门三个厦大人几维民宿,¥80起,4.8,棒,距市中心直线7.1公里 · 曾厝垵地区,“环境很好”
锦江之星品尚(厦门集美大学国贸店),¥246起,4.7,很好,集美学村商圈 · 厦门市第二医院附近,“环境舒适”
厦门尚德荣酒店,¥186起,4.7,很好,距市中心直线9.6公里 · 新阳工业区,“卫生间整洁”
桔子水晶厦门中山路中山公园酒店,¥342起,4.7,很好,距市中心直线3.4公里 · 中山路地区,“服务贴心”
厦门云尚公寓,¥106起,4.8,棒,距市中心直线6.3公里 · 高崎机场地区,“客房干净”
厦门亚洲海湾大酒店,¥425起,4.4分,“环境舒适”,距市中心直线7.9公里 · 环岛路商圈,共2603条评论
厦门天一客栈,¥164起,4.6,好,距市中心直线3.8公里 · 中山路地区,“古色古香”
厦门新中林大酒店,¥267起,4.1分,“房间整洁”,距市中心直线3.0公里 · 厦门火车站地区,共399条评论
厦门金桥花园酒店,¥229起,4.5,不错,距市中心直线533米 · 白鹭洲商圈,“环境舒适”
厦门曼巴酒店,¥116起,4.8,棒,厦门北站 · 华侨大学厦门校区西门附近,“环境舒适”
厦门慢生活·暖南美墅,¥210起,4.8,棒,距市中心直线7.2公里 · 曾厝垵地区,“卫生间整洁”
维也纳国际酒店(厦门大学旗舰店),¥459起,4.6,好,距市中心直线6.2公里 · 厦门大学地区,“环境舒适”
7天酒店(厦门金尚蔡塘地铁站店),¥168起,4.7,很好,距市中心直线5.8公里 · 五缘湾地区,“房间干净”
怡海阁酒店(厦门SM城市乌石浦地铁站店),¥157起,4.6,好,距市中心直线3.0公里 · SM城市广场地区,“床品舒适”
厦门南客度假美墅,¥232起,4.9,超棒,距市中心直线7.3公里 · 环岛路商圈,“环境舒适”
厦门万丽酒店,¥671起,4.5,不错,近阳光城翡丽海岸,“环境很好”
厦门翔鹭岛公寓,¥104起,4.7,很好,距市中心直线6.7公里 · 高崎机场地区,“房间干净”
巴克拉概念酒店(厦门中山路店),¥143起,4.4分,“房间干净”,距市中心直线2.0公里 · 中山路地区,共539条评论
金威大酒店(厦门中山路店),¥298起,4.4分,“房间整洁”,距市中心直线2.9公里 · 中山路地区,共994条评论
鼓浪屿慢屋度假别墅,¥337起,4.8,棒,距市中心直线5.7公里 · 鼓浪屿地区,“客房干净”
厦门海尚雅歌酒店,¥407起,4.5,不错,距市中心直线4.1公里 · 中山路地区,“全新酒店”
厦门中山路步行街海景美居酒店,¥342起,4.1分,“位置优越”,距市中心直线4.0公里 · 中山路地区,共807条评论
鼓浪屿林家公馆,¥169起,4.8,棒,距市中心直线5.3公里 · 鼓浪屿地区,“客房干净”
希岸酒店(厦门机场SM广场店),¥249起,4.7,很好,距市中心直线5.6公里 · SM城市广场地区,“服务贴心”
厦门日航酒店,¥588起,4.7,很好,距市中心直线8.6公里 · 环岛路商圈,“酒店洁净”
